Condition,Questionnaire,Question_ID,Section_Domain,Question_Text,Option_Label,Option_Score_Value,Question_Specific_Scoring_Scale
ADHD,ASRS v1.1,ASRS_Q1,Part A - Inattention,"How often do you have trouble wrapping up the final details of a project, once the challenging parts have been done?",Never,0,"0=Never, 1=Rarely, 2=Sometimes (1 pt), 3=Often (1 pt), 4=Very Often (1 pt) [Cutoff >= 2]"
ADHD,ASRS v1.1,ASRS_Q1,Part A - Inattention,"How often do you have trouble wrapping up the final details of a project, once the challenging parts have been done?",Rarely,1,"0=Never, 1=Rarely, 2=Sometimes (1 pt), 3=Often (1 pt), 4=Very Often (1 pt) [Cutoff >= 2]"
ADHD,ASRS v1.1,ASRS_Q1,Part A - Inattention,"How often do you have trouble wrapping up the final details of a project, once the challenging parts have been done?",Sometimes,2,"0=Never, 1=Rarely, 2=Sometimes (1 pt), 3=Often (1 pt), 4=Very Often (1 pt) [Cutoff >= 2]"
ADHD,ASRS v1.1,ASRS_Q1,Part A - Inattention,"How often do you have trouble wrapping up the final details of a project, once the challenging parts have been done?",Often,3,"0=Never, 1=Rarely, 2=Sometimes (1 pt), 3=Often (1 pt), 4=Very Often (1 pt) [Cutoff >= 2]"
ADHD,ASRS v1.1,ASRS_Q1,Part A - Inattention,"How often do you have trouble wrapping up the final details of a project, once the challenging parts have been done?",Very Often,4,"0=Never, 1=Rarely, 2=Sometimes (1 pt), 3=Often (1 pt), 4=Very Often (1 pt) [Cutoff >= 2]"
ADHD,ASRS v1.1,ASRS_Q2,Part A - Inattention,How often do you have difficulty getting things in order when you have to do a task that requires organization?,Never,0,"0=Never, 1=Rarely, 2=Sometimes (1 pt), 3=Often (1 pt), 4=Very Often (1 pt) [Cutoff >= 2]"
ADHD,ASRS v1.1,ASRS_Q2,Part A - Inattention,How often do you have difficulty getting things in order when you have to do a task that requires organization?,Rarely,1,"0=Never, 1=Rarely, 2=Sometimes (1 pt), 3=Often (1 pt), 4=Very Often (1 pt) [Cutoff >= 2]"
ADHD,ASRS v1.1,ASRS_Q2,Part A - Inattention,How often do you have difficulty getting things in order when you have to do a task that requires organization?,Sometimes,2,"0=Never, 1=Rarely, 2=Sometimes (1 pt), 3=Often (1 pt), 4=Very Often (1 pt) [Cutoff >= 2]"
ADHD,ASRS v1.1,ASRS_Q2,Part A - Inattention,How often do you have difficulty getting things in order when you have to do a task that requires organization?,Often,3,"0=Never, 1=Rarely, 2=Sometimes (1 pt), 3=Often (1 pt), 4=Very Often (1 pt) [Cutoff >= 2]"
ADHD,ASRS v1.1,ASRS_Q2,Part A - Inattention,How often do you have difficulty getting things in order when you have to do a task that requires organization?,Very Often,4,"0=Never, 1=Rarely, 2=Sometimes (1 pt), 3=Often (1 pt), 4=Very Often (1 pt) [Cutoff >= 2]"
ADHD,ASRS v1.1,ASRS_Q3,Part A - Inattention,How often do you have problems remembering appointments or obligations?,Never,0,"0=Never, 1=Rarely, 2=Sometimes (1 pt), 3=Often (1 pt), 4=Very Often (1 pt) [Cutoff >= 2]"
ADHD,ASRS v1.1,ASRS_Q3,Part A - Inattention,How often do you have problems remembering appointments or obligations?,Rarely,1,"0=Never, 1=Rarely, 2=Sometimes (1 pt), 3=Often (1 pt), 4=Very Often (1 pt) [Cutoff >= 2]"
ADHD,ASRS v1.1,ASRS_Q3,Part A - Inattention,How often do you have problems remembering appointments or obligations?,Sometimes,2,"0=Never, 1=Rarely, 2=Sometimes (1 pt), 3=Often (1 pt), 4=Very Often (1 pt) [Cutoff >= 2]"
ADHD,ASRS v1.1,ASRS_Q3,Part A - Inattention,How often do you have problems remembering appointments or obligations?,Often,3,"0=Never, 1=Rarely, 2=Sometimes (1 pt), 3=Often (1 pt), 4=Very Often (1 pt) [Cutoff >= 2]"
ADHD,ASRS v1.1,ASRS_Q3,Part A - Inattention,How often do you have problems remembering appointments or obligations?,Very Often,4,"0=Never, 1=Rarely, 2=Sometimes (1 pt), 3=Often (1 pt), 4=Very Often (1 pt) [Cutoff >= 2]"
ADHD,ASRS v1.1,ASRS_Q4,Part A - Inattention,"When you have a task that requires a lot of thought, how often do you avoid or delay getting started?",Never,0,"0=Never, 1=Rarely, 2=Sometimes, 3=Often (1 pt), 4=Very Often (1 pt) [Cutoff >= 3]"
ADHD,ASRS v1.1,ASRS_Q4,Part A - Inattention,"When you have a task that requires a lot of thought, how often do you avoid or delay getting started?",Rarely,1,"0=Never, 1=Rarely, 2=Sometimes, 3=Often (1 pt), 4=Very Often (1 pt) [Cutoff >= 3]"
ADHD,ASRS v1.1,ASRS_Q4,Part A - Inattention,"When you have a task that requires a lot of thought, how often do you avoid or delay getting started?",Sometimes,2,"0=Never, 1=Rarely, 2=Sometimes, 3=Often (1 pt), 4=Very Often (1 pt) [Cutoff >= 3]"
ADHD,ASRS v1.1,ASRS_Q4,Part A - Inattention,"When you have a task that requires a lot of thought, how often do you avoid or delay getting started?",Often,3,"0=Never, 1=Rarely, 2=Sometimes, 3=Often (1 pt), 4=Very Often (1 pt) [Cutoff >= 3]"
ADHD,ASRS v1.1,ASRS_Q4,Part A - Inattention,"When you have a task that requires a lot of thought, how often do you avoid or delay getting started?",Very Often,4,"0=Never, 1=Rarely, 2=Sometimes, 3=Often (1 pt), 4=Very Often (1 pt) [Cutoff >= 3]"
ADHD,ASRS v1.1,ASRS_Q5,Part A - Hyperactivity,How often do you fidget or squirm with your hands or feet when you have to sit down for a long time?,Never,0,"0=Never, 1=Rarely, 2=Sometimes, 3=Often (1 pt), 4=Very Often (1 pt) [Cutoff >= 3]"
ADHD,ASRS v1.1,ASRS_Q5,Part A - Hyperactivity,How often do you fidget or squirm with your hands or feet when you have to sit down for a long time?,Rarely,1,"0=Never, 1=Rarely, 2=Sometimes, 3=Often (1 pt), 4=Very Often (1 pt) [Cutoff >= 3]"
ADHD,ASRS v1.1,ASRS_Q5,Part A - Hyperactivity,How often do you fidget or squirm with your hands or feet when you have to sit down for a long time?,Sometimes,2,"0=Never, 1=Rarely, 2=Sometimes, 3=Often (1 pt), 4=Very Often (1 pt) [Cutoff >= 3]"
ADHD,ASRS v1.1,ASRS_Q5,Part A - Hyperactivity,How often do you fidget or squirm with your hands or feet when you have to sit down for a long time?,Often,3,"0=Never, 1=Rarely, 2=Sometimes, 3=Often (1 pt), 4=Very Often (1 pt) [Cutoff >= 3]"
ADHD,ASRS v1.1,ASRS_Q5,Part A - Hyperactivity,How often do you fidget or squirm with your hands or feet when you have to sit down for a long time?,Very Often,4,"0=Never, 1=Rarely, 2=Sometimes, 3=Often (1 pt), 4=Very Often (1 pt) [Cutoff >= 3]"
ADHD,ASRS v1.1,ASRS_Q6,Part A - Hyperactivity,"How often do you feel overly active and compelled to do things, like you were driven by a motor?",Never,0,"0=Never, 1=Rarely, 2=Sometimes, 3=Often (1 pt), 4=Very Often (1 pt) [Cutoff >= 3]"
ADHD,ASRS v1.1,ASRS_Q6,Part A - Hyperactivity,"How often do you feel overly active and compelled to do things, like you were driven by a motor?",Rarely,1,"0=Never, 1=Rarely, 2=Sometimes, 3=Often (1 pt), 4=Very Often (1 pt) [Cutoff >= 3]"
ADHD,ASRS v1.1,ASRS_Q6,Part A - Hyperactivity,"How often do you feel overly active and compelled to do things, like you were driven by a motor?",Sometimes,2,"0=Never, 1=Rarely, 2=Sometimes, 3=Often (1 pt), 4=Very Often (1 pt) [Cutoff >= 3]"
ADHD,ASRS v1.1,ASRS_Q6,Part A - Hyperactivity,"How often do you feel overly active and compelled to do things, like you were driven by a motor?",Often,3,"0=Never, 1=Rarely, 2=Sometimes, 3=Often (1 pt), 4=Very Often (1 pt) [Cutoff >= 3]"
ADHD,ASRS v1.1,ASRS_Q6,Part A - Hyperactivity,"How often do you feel overly active and compelled to do things, like you were driven by a motor?",Very Often,4,"0=Never, 1=Rarely, 2=Sometimes, 3=Often (1 pt), 4=Very Often (1 pt) [Cutoff >= 3]"
ADHD,ASRS v1.1,ASRS_Q7,Part B - Inattention,How often do you make careless mistakes when you have to work on a boring or difficult project?,Never,0,"0=Never (0), 1=Rarely (1), 2=Sometimes (2), 3=Often (3), 4=Very Often (4)"
ADHD,ASRS v1.1,ASRS_Q7,Part B - Inattention,How often do you make careless mistakes when you have to work on a boring or difficult project?,Rarely,1,"0=Never (0), 1=Rarely (1), 2=Sometimes (2), 3=Often (3), 4=Very Often (4)"
ADHD,ASRS v1.1,ASRS_Q7,Part B - Inattention,How often do you make careless mistakes when you have to work on a boring or difficult project?,Sometimes,2,"0=Never (0), 1=Rarely (1), 2=Sometimes (2), 3=Often (3), 4=Very Often (4)"
ADHD,ASRS v1.1,ASRS_Q7,Part B - Inattention,How often do you make careless mistakes when you have to work on a boring or difficult project?,Often,3,"0=Never (0), 1=Rarely (1), 2=Sometimes (2), 3=Often (3), 4=Very Often (4)"
ADHD,ASRS v1.1,ASRS_Q7,Part B - Inattention,How often do you make careless mistakes when you have to work on a boring or difficult project?,Very Often,4,"0=Never (0), 1=Rarely (1), 2=Sometimes (2), 3=Often (3), 4=Very Often (4)"
ADHD,ASRS v1.1,ASRS_Q8,Part B - Inattention,How often do you have difficulty keeping your attention when you are doing boring or repetitive work?,Never,0,"0=Never (0), 1=Rarely (1), 2=Sometimes (2), 3=Often (3), 4=Very Often (4)"
ADHD,ASRS v1.1,ASRS_Q8,Part B - Inattention,How often do you have difficulty keeping your attention when you are doing boring or repetitive work?,Rarely,1,"0=Never (0), 1=Rarely (1), 2=Sometimes (2), 3=Often (3), 4=Very Often (4)"
ADHD,ASRS v1.1,ASRS_Q8,Part B - Inattention,How often do you have difficulty keeping your attention when you are doing boring or repetitive work?,Sometimes,2,"0=Never (0), 1=Rarely (1), 2=Sometimes (2), 3=Often (3), 4=Very Often (4)"
ADHD,ASRS v1.1,ASRS_Q8,Part B - Inattention,How often do you have difficulty keeping your attention when you are doing boring or repetitive work?,Often,3,"0=Never (0), 1=Rarely (1), 2=Sometimes (2), 3=Often (3), 4=Very Often (4)"
ADHD,ASRS v1.1,ASRS_Q8,Part B - Inattention,How often do you have difficulty keeping your attention when you are doing boring or repetitive work?,Very Often,4,"0=Never (0), 1=Rarely (1), 2=Sometimes (2), 3=Often (3), 4=Very Often (4)"
ADHD,ASRS v1.1,ASRS_Q9,Part B - Inattention,"How often do you have difficulty concentrating on what people say to you, even when they are speaking to you directly?",Never,0,"0=Never (0), 1=Rarely (1), 2=Sometimes (2), 3=Often (3), 4=Very Often (4)"
ADHD,ASRS v1.1,ASRS_Q9,Part B - Inattention,"How often do you have difficulty concentrating on what people say to you, even when they are speaking to you directly?",Rarely,1,"0=Never (0), 1=Rarely (1), 2=Sometimes (2), 3=Often (3), 4=Very Often (4)"
ADHD,ASRS v1.1,ASRS_Q9,Part B - Inattention,"How often do you have difficulty concentrating on what people say to you, even when they are speaking to you directly?",Sometimes,2,"0=Never (0), 1=Rarely (1), 2=Sometimes (2), 3=Often (3), 4=Very Often (4)"
ADHD,ASRS v1.1,ASRS_Q9,Part B - Inattention,"How often do you have difficulty concentrating on what people say to you, even when they are speaking to you directly?",Often,3,"0=Never (0), 1=Rarely (1), 2=Sometimes (2), 3=Often (3), 4=Very Often (4)"
ADHD,ASRS v1.1,ASRS_Q9,Part B - Inattention,"How often do you have difficulty concentrating on what people say to you, even when they are speaking to you directly?",Very Often,4,"0=Never (0), 1=Rarely (1), 2=Sometimes (2), 3=Often (3), 4=Very Often (4)"
ADHD,ASRS v1.1,ASRS_Q10,Part B - Inattention,How often do you misplace or have trouble finding things at home or at work?,Never,0,"0=Never (0), 1=Rarely (1), 2=Sometimes (2), 3=Often (3), 4=Very Often (4)"
ADHD,ASRS v1.1,ASRS_Q10,Part B - Inattention,How often do you misplace or have trouble finding things at home or at work?,Rarely,1,"0=Never (0), 1=Rarely (1), 2=Sometimes (2), 3=Often (3), 4=Very Often (4)"
ADHD,ASRS v1.1,ASRS_Q10,Part B - Inattention,How often do you misplace or have trouble finding things at home or at work?,Sometimes,2,"0=Never (0), 1=Rarely (1), 2=Sometimes (2), 3=Often (3), 4=Very Often (4)"
ADHD,ASRS v1.1,ASRS_Q10,Part B - Inattention,How often do you misplace or have trouble finding things at home or at work?,Often,3,"0=Never (0), 1=Rarely (1), 2=Sometimes (2), 3=Often (3), 4=Very Often (4)"
ADHD,ASRS v1.1,ASRS_Q10,Part B - Inattention,How often do you misplace or have trouble finding things at home or at work?,Very Often,4,"0=Never (0), 1=Rarely (1), 2=Sometimes (2), 3=Often (3), 4=Very Often (4)"
ADHD,ASRS v1.1,ASRS_Q11,Part B - Inattention,How often are you distracted by activity or noise around you?,Never,0,"0=Never (0), 1=Rarely (1), 2=Sometimes (2), 3=Often (3), 4=Very Often (4)"
ADHD,ASRS v1.1,ASRS_Q11,Part B - Inattention,How often are you distracted by activity or noise around you?,Rarely,1,"0=Never (0), 1=Rarely (1), 2=Sometimes (2), 3=Often (3), 4=Very Often (4)"
ADHD,ASRS v1.1,ASRS_Q11,Part B - Inattention,How often are you distracted by activity or noise around you?,Sometimes,2,"0=Never (0), 1=Rarely (1), 2=Sometimes (2), 3=Often (3), 4=Very Often (4)"
ADHD,ASRS v1.1,ASRS_Q11,Part B - Inattention,How often are you distracted by activity or noise around you?,Often,3,"0=Never (0), 1=Rarely (1), 2=Sometimes (2), 3=Often (3), 4=Very Often (4)"
ADHD,ASRS v1.1,ASRS_Q11,Part B - Inattention,How often are you distracted by activity or noise around you?,Very Often,4,"0=Never (0), 1=Rarely (1), 2=Sometimes (2), 3=Often (3), 4=Very Often (4)"
ADHD,ASRS v1.1,ASRS_Q12,Part B - Hyperactivity,How often do you leave your seat in meetings or other situations in which you are expected to remain seated?,Never,0,"0=Never (0), 1=Rarely (1), 2=Sometimes (2), 3=Often (3), 4=Very Often (4)"
ADHD,ASRS v1.1,ASRS_Q12,Part B - Hyperactivity,How often do you leave your seat in meetings or other situations in which you are expected to remain seated?,Rarely,1,"0=Never (0), 1=Rarely (1), 2=Sometimes (2), 3=Often (3), 4=Very Often (4)"
ADHD,ASRS v1.1,ASRS_Q12,Part B - Hyperactivity,How often do you leave your seat in meetings or other situations in which you are expected to remain seated?,Sometimes,2,"0=Never (0), 1=Rarely (1), 2=Sometimes (2), 3=Often (3), 4=Very Often (4)"
ADHD,ASRS v1.1,ASRS_Q12,Part B - Hyperactivity,How often do you leave your seat in meetings or other situations in which you are expected to remain seated?,Often,3,"0=Never (0), 1=Rarely (1), 2=Sometimes (2), 3=Often (3), 4=Very Often (4)"
ADHD,ASRS v1.1,ASRS_Q12,Part B - Hyperactivity,How often do you leave your seat in meetings or other situations in which you are expected to remain seated?,Very Often,4,"0=Never (0), 1=Rarely (1), 2=Sometimes (2), 3=Often (3), 4=Very Often (4)"
ADHD,ASRS v1.1,ASRS_Q13,Part B - Hyperactivity,How often do you feel restless or fidgety?,Never,0,"0=Never (0), 1=Rarely (1), 2=Sometimes (2), 3=Often (3), 4=Very Often (4)"
ADHD,ASRS v1.1,ASRS_Q13,Part B - Hyperactivity,How often do you feel restless or fidgety?,Rarely,1,"0=Never (0), 1=Rarely (1), 2=Sometimes (2), 3=Often (3), 4=Very Often (4)"
ADHD,ASRS v1.1,ASRS_Q13,Part B - Hyperactivity,How often do you feel restless or fidgety?,Sometimes,2,"0=Never (0), 1=Rarely (1), 2=Sometimes (2), 3=Often (3), 4=Very Often (4)"
ADHD,ASRS v1.1,ASRS_Q13,Part B - Hyperactivity,How often do you feel restless or fidgety?,Often,3,"0=Never (0), 1=Rarely (1), 2=Sometimes (2), 3=Often (3), 4=Very Often (4)"
ADHD,ASRS v1.1,ASRS_Q13,Part B - Hyperactivity,How often do you feel restless or fidgety?,Very Often,4,"0=Never (0), 1=Rarely (1), 2=Sometimes (2), 3=Often (3), 4=Very Often (4)"
ADHD,ASRS v1.1,ASRS_Q14,Part B - Hyperactivity,How often do you have difficulty unwinding and relaxing when you have time to yourself?,Never,0,"0=Never (0), 1=Rarely (1), 2=Sometimes (2), 3=Often (3), 4=Very Often (4)"
ADHD,ASRS v1.1,ASRS_Q14,Part B - Hyperactivity,How often do you have difficulty unwinding and relaxing when you have time to yourself?,Rarely,1,"0=Never (0), 1=Rarely (1), 2=Sometimes (2), 3=Often (3), 4=Very Often (4)"
ADHD,ASRS v1.1,ASRS_Q14,Part B - Hyperactivity,How often do you have difficulty unwinding and relaxing when you have time to yourself?,Sometimes,2,"0=Never (0), 1=Rarely (1), 2=Sometimes (2), 3=Often (3), 4=Very Often (4)"
ADHD,ASRS v1.1,ASRS_Q14,Part B - Hyperactivity,How often do you have difficulty unwinding and relaxing when you have time to yourself?,Often,3,"0=Never (0), 1=Rarely (1), 2=Sometimes (2), 3=Often (3), 4=Very Often (4)"
ADHD,ASRS v1.1,ASRS_Q14,Part B - Hyperactivity,How often do you have difficulty unwinding and relaxing when you have time to yourself?,Very Often,4,"0=Never (0), 1=Rarely (1), 2=Sometimes (2), 3=Often (3), 4=Very Often (4)"
ADHD,ASRS v1.1,ASRS_Q15,Part B - Hyperactivity,How often do you find yourself talking too much when you are in social situations?,Never,0,"0=Never (0), 1=Rarely (1), 2=Sometimes (2), 3=Often (3), 4=Very Often (4)"
ADHD,ASRS v1.1,ASRS_Q15,Part B - Hyperactivity,How often do you find yourself talking too much when you are in social situations?,Rarely,1,"0=Never (0), 1=Rarely (1), 2=Sometimes (2), 3=Often (3), 4=Very Often (4)"
ADHD,ASRS v1.1,ASRS_Q15,Part B - Hyperactivity,How often do you find yourself talking too much when you are in social situations?,Sometimes,2,"0=Never (0), 1=Rarely (1), 2=Sometimes (2), 3=Often (3), 4=Very Often (4)"
ADHD,ASRS v1.1,ASRS_Q15,Part B - Hyperactivity,How often do you find yourself talking too much when you are in social situations?,Often,3,"0=Never (0), 1=Rarely (1), 2=Sometimes (2), 3=Often (3), 4=Very Often (4)"
ADHD,ASRS v1.1,ASRS_Q15,Part B - Hyperactivity,How often do you find yourself talking too much when you are in social situations?,Very Often,4,"0=Never (0), 1=Rarely (1), 2=Sometimes (2), 3=Often (3), 4=Very Often (4)"
ADHD,ASRS v1.1,ASRS_Q16,Part B - Impulsivity,"When you're in a conversation, how often do you find yourself finishing the sentences of the people you are talking to?",Never,0,"0=Never (0), 1=Rarely (1), 2=Sometimes (2), 3=Often (3), 4=Very Often (4)"
ADHD,ASRS v1.1,ASRS_Q16,Part B - Impulsivity,"When you're in a conversation, how often do you find yourself finishing the sentences of the people you are talking to?",Rarely,1,"0=Never (0), 1=Rarely (1), 2=Sometimes (2), 3=Often (3), 4=Very Often (4)"
ADHD,ASRS v1.1,ASRS_Q16,Part B - Impulsivity,"When you're in a conversation, how often do you find yourself finishing the sentences of the people you are talking to?",Sometimes,2,"0=Never (0), 1=Rarely (1), 2=Sometimes (2), 3=Often (3), 4=Very Often (4)"
ADHD,ASRS v1.1,ASRS_Q16,Part B - Impulsivity,"When you're in a conversation, how often do you find yourself finishing the sentences of the people you are talking to?",Often,3,"0=Never (0), 1=Rarely (1), 2=Sometimes (2), 3=Often (3), 4=Very Often (4)"
ADHD,ASRS v1.1,ASRS_Q16,Part B - Impulsivity,"When you're in a conversation, how often do you find yourself finishing the sentences of the people you are talking to?",Very Often,4,"0=Never (0), 1=Rarely (1), 2=Sometimes (2), 3=Often (3), 4=Very Often (4)"
ADHD,ASRS v1.1,ASRS_Q17,Part B - Impulsivity,How often do you have difficulty waiting your turn in situations when turn-taking is required?,Never,0,"0=Never (0), 1=Rarely (1), 2=Sometimes (2), 3=Often (3), 4=Very Often (4)"
ADHD,ASRS v1.1,ASRS_Q17,Part B - Impulsivity,How often do you have difficulty waiting your turn in situations when turn-taking is required?,Rarely,1,"0=Never (0), 1=Rarely (1), 2=Sometimes (2), 3=Often (3), 4=Very Often (4)"
ADHD,ASRS v1.1,ASRS_Q17,Part B - Impulsivity,How often do you have difficulty waiting your turn in situations when turn-taking is required?,Sometimes,2,"0=Never (0), 1=Rarely (1), 2=Sometimes (2), 3=Often (3), 4=Very Often (4)"
ADHD,ASRS v1.1,ASRS_Q17,Part B - Impulsivity,How often do you have difficulty waiting your turn in situations when turn-taking is required?,Often,3,"0=Never (0), 1=Rarely (1), 2=Sometimes (2), 3=Often (3), 4=Very Often (4)"
ADHD,ASRS v1.1,ASRS_Q17,Part B - Impulsivity,How often do you have difficulty waiting your turn in situations when turn-taking is required?,Very Often,4,"0=Never (0), 1=Rarely (1), 2=Sometimes (2), 3=Often (3), 4=Very Often (4)"
ADHD,ASRS v1.1,ASRS_Q18,Part B - Impulsivity,How often do you interrupt others when they are busy?,Never,0,"0=Never (0), 1=Rarely (1), 2=Sometimes (2), 3=Often (3), 4=Very Often (4)"
ADHD,ASRS v1.1,ASRS_Q18,Part B - Impulsivity,How often do you interrupt others when they are busy?,Rarely,1,"0=Never (0), 1=Rarely (1), 2=Sometimes (2), 3=Often (3), 4=Very Often (4)"
ADHD,ASRS v1.1,ASRS_Q18,Part B - Impulsivity,How often do you interrupt others when they are busy?,Sometimes,2,"0=Never (0), 1=Rarely (1), 2=Sometimes (2), 3=Often (3), 4=Very Often (4)"
ADHD,ASRS v1.1,ASRS_Q18,Part B - Impulsivity,How often do you interrupt others when they are busy?,Often,3,"0=Never (0), 1=Rarely (1), 2=Sometimes (2), 3=Often (3), 4=Very Often (4)"
ADHD,ASRS v1.1,ASRS_Q18,Part B - Impulsivity,How often do you interrupt others when they are busy?,Very Often,4,"0=Never (0), 1=Rarely (1), 2=Sometimes (2), 3=Often (3), 4=Very Often (4)"
Depression,PHQ-9,PHQ9_Q1,Depressive Symptoms,Little interest or pleasure in doing things,Not at all,0,"0 = Not at all, 1 = Several days, 2 = More than half the days, 3 = Nearly every day (Q1 weight)"
Depression,PHQ-9,PHQ9_Q1,Depressive Symptoms,Little interest or pleasure in doing things,Several days,1,"0 = Not at all, 1 = Several days, 2 = More than half the days, 3 = Nearly every day (Q1 weight)"
Depression,PHQ-9,PHQ9_Q1,Depressive Symptoms,Little interest or pleasure in doing things,More than half the days,2,"0 = Not at all, 1 = Several days, 2 = More than half the days, 3 = Nearly every day (Q1 weight)"
Depression,PHQ-9,PHQ9_Q1,Depressive Symptoms,Little interest or pleasure in doing things,Nearly every day,3,"0 = Not at all, 1 = Several days, 2 = More than half the days, 3 = Nearly every day (Q1 weight)"
Depression,PHQ-9,PHQ9_Q2,Depressive Symptoms,"Feeling down, depressed, or hopeless",Not at all,0,"0 = Not at all, 1 = Several days, 2 = More than half the days, 3 = Nearly every day (Q2 weight)"
Depression,PHQ-9,PHQ9_Q2,Depressive Symptoms,"Feeling down, depressed, or hopeless",Several days,1,"0 = Not at all, 1 = Several days, 2 = More than half the days, 3 = Nearly every day (Q2 weight)"
Depression,PHQ-9,PHQ9_Q2,Depressive Symptoms,"Feeling down, depressed, or hopeless",More than half the days,2,"0 = Not at all, 1 = Several days, 2 = More than half the days, 3 = Nearly every day (Q2 weight)"
Depression,PHQ-9,PHQ9_Q2,Depressive Symptoms,"Feeling down, depressed, or hopeless",Nearly every day,3,"0 = Not at all, 1 = Several days, 2 = More than half the days, 3 = Nearly every day (Q2 weight)"
Depression,PHQ-9,PHQ9_Q3,Depressive Symptoms,"Trouble falling or staying asleep, or sleeping too much",Not at all,0,"0 = Not at all, 1 = Several days, 2 = More than half the days, 3 = Nearly every day (Q3 weight)"
Depression,PHQ-9,PHQ9_Q3,Depressive Symptoms,"Trouble falling or staying asleep, or sleeping too much",Several days,1,"0 = Not at all, 1 = Several days, 2 = More than half the days, 3 = Nearly every day (Q3 weight)"
Depression,PHQ-9,PHQ9_Q3,Depressive Symptoms,"Trouble falling or staying asleep, or sleeping too much",More than half the days,2,"0 = Not at all, 1 = Several days, 2 = More than half the days, 3 = Nearly every day (Q3 weight)"
Depression,PHQ-9,PHQ9_Q3,Depressive Symptoms,"Trouble falling or staying asleep, or sleeping too much",Nearly every day,3,"0 = Not at all, 1 = Several days, 2 = More than half the days, 3 = Nearly every day (Q3 weight)"
Depression,PHQ-9,PHQ9_Q4,Depressive Symptoms,Feeling tired or having little energy,Not at all,0,"0 = Not at all, 1 = Several days, 2 = More than half the days, 3 = Nearly every day (Q4 weight)"
Depression,PHQ-9,PHQ9_Q4,Depressive Symptoms,Feeling tired or having little energy,Several days,1,"0 = Not at all, 1 = Several days, 2 = More than half the days, 3 = Nearly every day (Q4 weight)"
Depression,PHQ-9,PHQ9_Q4,Depressive Symptoms,Feeling tired or having little energy,More than half the days,2,"0 = Not at all, 1 = Several days, 2 = More than half the days, 3 = Nearly every day (Q4 weight)"
Depression,PHQ-9,PHQ9_Q4,Depressive Symptoms,Feeling tired or having little energy,Nearly every day,3,"0 = Not at all, 1 = Several days, 2 = More than half the days, 3 = Nearly every day (Q4 weight)"
Depression,PHQ-9,PHQ9_Q5,Depressive Symptoms,Poor appetite or overeating,Not at all,0,"0 = Not at all, 1 = Several days, 2 = More than half the days, 3 = Nearly every day (Q5 weight)"
Depression,PHQ-9,PHQ9_Q5,Depressive Symptoms,Poor appetite or overeating,Several days,1,"0 = Not at all, 1 = Several days, 2 = More than half the days, 3 = Nearly every day (Q5 weight)"
Depression,PHQ-9,PHQ9_Q5,Depressive Symptoms,Poor appetite or overeating,More than half the days,2,"0 = Not at all, 1 = Several days, 2 = More than half the days, 3 = Nearly every day (Q5 weight)"
Depression,PHQ-9,PHQ9_Q5,Depressive Symptoms,Poor appetite or overeating,Nearly every day,3,"0 = Not at all, 1 = Several days, 2 = More than half the days, 3 = Nearly every day (Q5 weight)"
Depression,PHQ-9,PHQ9_Q6,Depressive Symptoms,Feeling bad about yourself — or that you are a failure or have let yourself or your family down,Not at all,0,"0 = Not at all, 1 = Several days, 2 = More than half the days, 3 = Nearly every day (Q6 weight)"
Depression,PHQ-9,PHQ9_Q6,Depressive Symptoms,Feeling bad about yourself — or that you are a failure or have let yourself or your family down,Several days,1,"0 = Not at all, 1 = Several days, 2 = More than half the days, 3 = Nearly every day (Q6 weight)"
Depression,PHQ-9,PHQ9_Q6,Depressive Symptoms,Feeling bad about yourself — or that you are a failure or have let yourself or your family down,More than half the days,2,"0 = Not at all, 1 = Several days, 2 = More than half the days, 3 = Nearly every day (Q6 weight)"
Depression,PHQ-9,PHQ9_Q6,Depressive Symptoms,Feeling bad about yourself — or that you are a failure or have let yourself or your family down,Nearly every day,3,"0 = Not at all, 1 = Several days, 2 = More than half the days, 3 = Nearly every day (Q6 weight)"
Depression,PHQ-9,PHQ9_Q7,Depressive Symptoms,"Trouble concentrating on things, such as reading the newspaper or watching television",Not at all,0,"0 = Not at all, 1 = Several days, 2 = More than half the days, 3 = Nearly every day (Q7 weight)"
Depression,PHQ-9,PHQ9_Q7,Depressive Symptoms,"Trouble concentrating on things, such as reading the newspaper or watching television",Several days,1,"0 = Not at all, 1 = Several days, 2 = More than half the days, 3 = Nearly every day (Q7 weight)"
Depression,PHQ-9,PHQ9_Q7,Depressive Symptoms,"Trouble concentrating on things, such as reading the newspaper or watching television",More than half the days,2,"0 = Not at all, 1 = Several days, 2 = More than half the days, 3 = Nearly every day (Q7 weight)"
Depression,PHQ-9,PHQ9_Q7,Depressive Symptoms,"Trouble concentrating on things, such as reading the newspaper or watching television",Nearly every day,3,"0 = Not at all, 1 = Several days, 2 = More than half the days, 3 = Nearly every day (Q7 weight)"
Depression,PHQ-9,PHQ9_Q8,Depressive Symptoms,Moving or speaking so slowly that other people could have noticed? Or the opposite — being so fidgety or restless,Not at all,0,"0 = Not at all, 1 = Several days, 2 = More than half the days, 3 = Nearly every day (Q8 weight)"
Depression,PHQ-9,PHQ9_Q8,Depressive Symptoms,Moving or speaking so slowly that other people could have noticed? Or the opposite — being so fidgety or restless,Several days,1,"0 = Not at all, 1 = Several days, 2 = More than half the days, 3 = Nearly every day (Q8 weight)"
Depression,PHQ-9,PHQ9_Q8,Depressive Symptoms,Moving or speaking so slowly that other people could have noticed? Or the opposite — being so fidgety or restless,More than half the days,2,"0 = Not at all, 1 = Several days, 2 = More than half the days, 3 = Nearly every day (Q8 weight)"
Depression,PHQ-9,PHQ9_Q8,Depressive Symptoms,Moving or speaking so slowly that other people could have noticed? Or the opposite — being so fidgety or restless,Nearly every day,3,"0 = Not at all, 1 = Several days, 2 = More than half the days, 3 = Nearly every day (Q8 weight)"
Depression,PHQ-9,PHQ9_Q9,Depressive Symptoms,Thoughts that you would be better off dead or of hurting yourself in some way,Not at all,0,"0 = Not at all, 1 = Several days, 2 = More than half the days, 3 = Nearly every day (Q9 weight)"
Depression,PHQ-9,PHQ9_Q9,Depressive Symptoms,Thoughts that you would be better off dead or of hurting yourself in some way,Several days,1,"0 = Not at all, 1 = Several days, 2 = More than half the days, 3 = Nearly every day (Q9 weight)"
Depression,PHQ-9,PHQ9_Q9,Depressive Symptoms,Thoughts that you would be better off dead or of hurting yourself in some way,More than half the days,2,"0 = Not at all, 1 = Several days, 2 = More than half the days, 3 = Nearly every day (Q9 weight)"
Depression,PHQ-9,PHQ9_Q9,Depressive Symptoms,Thoughts that you would be better off dead or of hurting yourself in some way,Nearly every day,3,"0 = Not at all, 1 = Several days, 2 = More than half the days, 3 = Nearly every day (Q9 weight)"
Generalized Anxiety,GAD-7,GAD7_Q1,Anxiety Symptoms,"Feeling nervous, anxious, or on edge",Not at all,0,"0 = Not at all, 1 = Several days, 2 = More than half the days, 3 = Nearly every day (Q1 weight)"
Generalized Anxiety,GAD-7,GAD7_Q1,Anxiety Symptoms,"Feeling nervous, anxious, or on edge",Several days,1,"0 = Not at all, 1 = Several days, 2 = More than half the days, 3 = Nearly every day (Q1 weight)"
Generalized Anxiety,GAD-7,GAD7_Q1,Anxiety Symptoms,"Feeling nervous, anxious, or on edge",More than half the days,2,"0 = Not at all, 1 = Several days, 2 = More than half the days, 3 = Nearly every day (Q1 weight)"
Generalized Anxiety,GAD-7,GAD7_Q1,Anxiety Symptoms,"Feeling nervous, anxious, or on edge",Nearly every day,3,"0 = Not at all, 1 = Several days, 2 = More than half the days, 3 = Nearly every day (Q1 weight)"
Generalized Anxiety,GAD-7,GAD7_Q2,Anxiety Symptoms,Not being able to stop or control worrying,Not at all,0,"0 = Not at all, 1 = Several days, 2 = More than half the days, 3 = Nearly every day (Q2 weight)"
Generalized Anxiety,GAD-7,GAD7_Q2,Anxiety Symptoms,Not being able to stop or control worrying,Several days,1,"0 = Not at all, 1 = Several days, 2 = More than half the days, 3 = Nearly every day (Q2 weight)"
Generalized Anxiety,GAD-7,GAD7_Q2,Anxiety Symptoms,Not being able to stop or control worrying,More than half the days,2,"0 = Not at all, 1 = Several days, 2 = More than half the days, 3 = Nearly every day (Q2 weight)"
Generalized Anxiety,GAD-7,GAD7_Q2,Anxiety Symptoms,Not being able to stop or control worrying,Nearly every day,3,"0 = Not at all, 1 = Several days, 2 = More than half the days, 3 = Nearly every day (Q2 weight)"
Generalized Anxiety,GAD-7,GAD7_Q3,Anxiety Symptoms,Worrying too much about different things,Not at all,0,"0 = Not at all, 1 = Several days, 2 = More than half the days, 3 = Nearly every day (Q3 weight)"
Generalized Anxiety,GAD-7,GAD7_Q3,Anxiety Symptoms,Worrying too much about different things,Several days,1,"0 = Not at all, 1 = Several days, 2 = More than half the days, 3 = Nearly every day (Q3 weight)"
Generalized Anxiety,GAD-7,GAD7_Q3,Anxiety Symptoms,Worrying too much about different things,More than half the days,2,"0 = Not at all, 1 = Several days, 2 = More than half the days, 3 = Nearly every day (Q3 weight)"
Generalized Anxiety,GAD-7,GAD7_Q3,Anxiety Symptoms,Worrying too much about different things,Nearly every day,3,"0 = Not at all, 1 = Several days, 2 = More than half the days, 3 = Nearly every day (Q3 weight)"
Generalized Anxiety,GAD-7,GAD7_Q4,Anxiety Symptoms,Trouble relaxing,Not at all,0,"0 = Not at all, 1 = Several days, 2 = More than half the days, 3 = Nearly every day (Q4 weight)"
Generalized Anxiety,GAD-7,GAD7_Q4,Anxiety Symptoms,Trouble relaxing,Several days,1,"0 = Not at all, 1 = Several days, 2 = More than half the days, 3 = Nearly every day (Q4 weight)"
Generalized Anxiety,GAD-7,GAD7_Q4,Anxiety Symptoms,Trouble relaxing,More than half the days,2,"0 = Not at all, 1 = Several days, 2 = More than half the days, 3 = Nearly every day (Q4 weight)"
Generalized Anxiety,GAD-7,GAD7_Q4,Anxiety Symptoms,Trouble relaxing,Nearly every day,3,"0 = Not at all, 1 = Several days, 2 = More than half the days, 3 = Nearly every day (Q4 weight)"
Generalized Anxiety,GAD-7,GAD7_Q5,Anxiety Symptoms,Being so restless that it is hard to sit still,Not at all,0,"0 = Not at all, 1 = Several days, 2 = More than half the days, 3 = Nearly every day (Q5 weight)"
Generalized Anxiety,GAD-7,GAD7_Q5,Anxiety Symptoms,Being so restless that it is hard to sit still,Several days,1,"0 = Not at all, 1 = Several days, 2 = More than half the days, 3 = Nearly every day (Q5 weight)"
Generalized Anxiety,GAD-7,GAD7_Q5,Anxiety Symptoms,Being so restless that it is hard to sit still,More than half the days,2,"0 = Not at all, 1 = Several days, 2 = More than half the days, 3 = Nearly every day (Q5 weight)"
Generalized Anxiety,GAD-7,GAD7_Q5,Anxiety Symptoms,Being so restless that it is hard to sit still,Nearly every day,3,"0 = Not at all, 1 = Several days, 2 = More than half the days, 3 = Nearly every day (Q5 weight)"
Generalized Anxiety,GAD-7,GAD7_Q6,Anxiety Symptoms,Becoming easily annoyed or irritable,Not at all,0,"0 = Not at all, 1 = Several days, 2 = More than half the days, 3 = Nearly every day (Q6 weight)"
Generalized Anxiety,GAD-7,GAD7_Q6,Anxiety Symptoms,Becoming easily annoyed or irritable,Several days,1,"0 = Not at all, 1 = Several days, 2 = More than half the days, 3 = Nearly every day (Q6 weight)"
Generalized Anxiety,GAD-7,GAD7_Q6,Anxiety Symptoms,Becoming easily annoyed or irritable,More than half the days,2,"0 = Not at all, 1 = Several days, 2 = More than half the days, 3 = Nearly every day (Q6 weight)"
Generalized Anxiety,GAD-7,GAD7_Q6,Anxiety Symptoms,Becoming easily annoyed or irritable,Nearly every day,3,"0 = Not at all, 1 = Several days, 2 = More than half the days, 3 = Nearly every day (Q6 weight)"
Generalized Anxiety,GAD-7,GAD7_Q7,Anxiety Symptoms,Feeling afraid as if something awful might happen,Not at all,0,"0 = Not at all, 1 = Several days, 2 = More than half the days, 3 = Nearly every day (Q7 weight)"
Generalized Anxiety,GAD-7,GAD7_Q7,Anxiety Symptoms,Feeling afraid as if something awful might happen,Several days,1,"0 = Not at all, 1 = Several days, 2 = More than half the days, 3 = Nearly every day (Q7 weight)"
Generalized Anxiety,GAD-7,GAD7_Q7,Anxiety Symptoms,Feeling afraid as if something awful might happen,More than half the days,2,"0 = Not at all, 1 = Several days, 2 = More than half the days, 3 = Nearly every day (Q7 weight)"
Generalized Anxiety,GAD-7,GAD7_Q7,Anxiety Symptoms,Feeling afraid as if something awful might happen,Nearly every day,3,"0 = Not at all, 1 = Several days, 2 = More than half the days, 3 = Nearly every day (Q7 weight)"
OCD,OCI-R,OCIR_Q1,Hoarding,I saved up so many things that they get in the way.,Not at all,0,"0 = Not at all, 1 = A little, 2 = Moderately, 3 = A lot, 4 = Extremely (Hoarding Subscale Score)"
OCD,OCI-R,OCIR_Q1,Hoarding,I saved up so many things that they get in the way.,A little,1,"0 = Not at all, 1 = A little, 2 = Moderately, 3 = A lot, 4 = Extremely (Hoarding Subscale Score)"
OCD,OCI-R,OCIR_Q1,Hoarding,I saved up so many things that they get in the way.,Moderately,2,"0 = Not at all, 1 = A little, 2 = Moderately, 3 = A lot, 4 = Extremely (Hoarding Subscale Score)"
OCD,OCI-R,OCIR_Q1,Hoarding,I saved up so many things that they get in the way.,A lot,3,"0 = Not at all, 1 = A little, 2 = Moderately, 3 = A lot, 4 = Extremely (Hoarding Subscale Score)"
OCD,OCI-R,OCIR_Q1,Hoarding,I saved up so many things that they get in the way.,Extremely,4,"0 = Not at all, 1 = A little, 2 = Moderately, 3 = A lot, 4 = Extremely (Hoarding Subscale Score)"
OCD,OCI-R,OCIR_Q2,Checking,I check things more often than necessary.,Not at all,0,"0 = Not at all, 1 = A little, 2 = Moderately, 3 = A lot, 4 = Extremely (Checking Subscale Score)"
OCD,OCI-R,OCIR_Q2,Checking,I check things more often than necessary.,A little,1,"0 = Not at all, 1 = A little, 2 = Moderately, 3 = A lot, 4 = Extremely (Checking Subscale Score)"
OCD,OCI-R,OCIR_Q2,Checking,I check things more often than necessary.,Moderately,2,"0 = Not at all, 1 = A little, 2 = Moderately, 3 = A lot, 4 = Extremely (Checking Subscale Score)"
OCD,OCI-R,OCIR_Q2,Checking,I check things more often than necessary.,A lot,3,"0 = Not at all, 1 = A little, 2 = Moderately, 3 = A lot, 4 = Extremely (Checking Subscale Score)"
OCD,OCI-R,OCIR_Q2,Checking,I check things more often than necessary.,Extremely,4,"0 = Not at all, 1 = A little, 2 = Moderately, 3 = A lot, 4 = Extremely (Checking Subscale Score)"
OCD,OCI-R,OCIR_Q3,Ordering,I get upset if objects are not arranged properly.,Not at all,0,"0 = Not at all, 1 = A little, 2 = Moderately, 3 = A lot, 4 = Extremely (Ordering Subscale Score)"
OCD,OCI-R,OCIR_Q3,Ordering,I get upset if objects are not arranged properly.,A little,1,"0 = Not at all, 1 = A little, 2 = Moderately, 3 = A lot, 4 = Extremely (Ordering Subscale Score)"
OCD,OCI-R,OCIR_Q3,Ordering,I get upset if objects are not arranged properly.,Moderately,2,"0 = Not at all, 1 = A little, 2 = Moderately, 3 = A lot, 4 = Extremely (Ordering Subscale Score)"
OCD,OCI-R,OCIR_Q3,Ordering,I get upset if objects are not arranged properly.,A lot,3,"0 = Not at all, 1 = A little, 2 = Moderately, 3 = A lot, 4 = Extremely (Ordering Subscale Score)"
OCD,OCI-R,OCIR_Q3,Ordering,I get upset if objects are not arranged properly.,Extremely,4,"0 = Not at all, 1 = A little, 2 = Moderately, 3 = A lot, 4 = Extremely (Ordering Subscale Score)"
OCD,OCI-R,OCIR_Q4,Washing,I feel compelled to wash or clean my hands excessively.,Not at all,0,"0 = Not at all, 1 = A little, 2 = Moderately, 3 = A lot, 4 = Extremely (Washing Subscale Score)"
OCD,OCI-R,OCIR_Q4,Washing,I feel compelled to wash or clean my hands excessively.,A little,1,"0 = Not at all, 1 = A little, 2 = Moderately, 3 = A lot, 4 = Extremely (Washing Subscale Score)"
OCD,OCI-R,OCIR_Q4,Washing,I feel compelled to wash or clean my hands excessively.,Moderately,2,"0 = Not at all, 1 = A little, 2 = Moderately, 3 = A lot, 4 = Extremely (Washing Subscale Score)"
OCD,OCI-R,OCIR_Q4,Washing,I feel compelled to wash or clean my hands excessively.,A lot,3,"0 = Not at all, 1 = A little, 2 = Moderately, 3 = A lot, 4 = Extremely (Washing Subscale Score)"
OCD,OCI-R,OCIR_Q4,Washing,I feel compelled to wash or clean my hands excessively.,Extremely,4,"0 = Not at all, 1 = A little, 2 = Moderately, 3 = A lot, 4 = Extremely (Washing Subscale Score)"
OCD,OCI-R,OCIR_Q5,Obsessing,I find it difficult to control unwanted intrusive thoughts.,Not at all,0,"0 = Not at all, 1 = A little, 2 = Moderately, 3 = A lot, 4 = Extremely (Obsessing Subscale Score)"
OCD,OCI-R,OCIR_Q5,Obsessing,I find it difficult to control unwanted intrusive thoughts.,A little,1,"0 = Not at all, 1 = A little, 2 = Moderately, 3 = A lot, 4 = Extremely (Obsessing Subscale Score)"
OCD,OCI-R,OCIR_Q5,Obsessing,I find it difficult to control unwanted intrusive thoughts.,Moderately,2,"0 = Not at all, 1 = A little, 2 = Moderately, 3 = A lot, 4 = Extremely (Obsessing Subscale Score)"
OCD,OCI-R,OCIR_Q5,Obsessing,I find it difficult to control unwanted intrusive thoughts.,A lot,3,"0 = Not at all, 1 = A little, 2 = Moderately, 3 = A lot, 4 = Extremely (Obsessing Subscale Score)"
OCD,OCI-R,OCIR_Q5,Obsessing,I find it difficult to control unwanted intrusive thoughts.,Extremely,4,"0 = Not at all, 1 = A little, 2 = Moderately, 3 = A lot, 4 = Extremely (Obsessing Subscale Score)"
OCD,OCI-R,OCIR_Q6,Mental Compulsions,I feel I have to repeat certain numbers.,Not at all,0,"0 = Not at all, 1 = A little, 2 = Moderately, 3 = A lot, 4 = Extremely (Mental Compulsions Subscale Score)"
OCD,OCI-R,OCIR_Q6,Mental Compulsions,I feel I have to repeat certain numbers.,A little,1,"0 = Not at all, 1 = A little, 2 = Moderately, 3 = A lot, 4 = Extremely (Mental Compulsions Subscale Score)"
OCD,OCI-R,OCIR_Q6,Mental Compulsions,I feel I have to repeat certain numbers.,Moderately,2,"0 = Not at all, 1 = A little, 2 = Moderately, 3 = A lot, 4 = Extremely (Mental Compulsions Subscale Score)"
OCD,OCI-R,OCIR_Q6,Mental Compulsions,I feel I have to repeat certain numbers.,A lot,3,"0 = Not at all, 1 = A little, 2 = Moderately, 3 = A lot, 4 = Extremely (Mental Compulsions Subscale Score)"
OCD,OCI-R,OCIR_Q6,Mental Compulsions,I feel I have to repeat certain numbers.,Extremely,4,"0 = Not at all, 1 = A little, 2 = Moderately, 3 = A lot, 4 = Extremely (Mental Compulsions Subscale Score)"
OCD,OCI-R,OCIR_Q7,Washing,I avoid touching things that other people have touched.,Not at all,0,"0 = Not at all, 1 = A little, 2 = Moderately, 3 = A lot, 4 = Extremely (Washing Subscale Score)"
OCD,OCI-R,OCIR_Q7,Washing,I avoid touching things that other people have touched.,A little,1,"0 = Not at all, 1 = A little, 2 = Moderately, 3 = A lot, 4 = Extremely (Washing Subscale Score)"
OCD,OCI-R,OCIR_Q7,Washing,I avoid touching things that other people have touched.,Moderately,2,"0 = Not at all, 1 = A little, 2 = Moderately, 3 = A lot, 4 = Extremely (Washing Subscale Score)"
OCD,OCI-R,OCIR_Q7,Washing,I avoid touching things that other people have touched.,A lot,3,"0 = Not at all, 1 = A little, 2 = Moderately, 3 = A lot, 4 = Extremely (Washing Subscale Score)"
OCD,OCI-R,OCIR_Q7,Washing,I avoid touching things that other people have touched.,Extremely,4,"0 = Not at all, 1 = A little, 2 = Moderately, 3 = A lot, 4 = Extremely (Washing Subscale Score)"
OCD,OCI-R,OCIR_Q8,Checking,"I check doors, windows, or appliances repeatedly.",Not at all,0,"0 = Not at all, 1 = A little, 2 = Moderately, 3 = A lot, 4 = Extremely (Checking Subscale Score)"
OCD,OCI-R,OCIR_Q8,Checking,"I check doors, windows, or appliances repeatedly.",A little,1,"0 = Not at all, 1 = A little, 2 = Moderately, 3 = A lot, 4 = Extremely (Checking Subscale Score)"
OCD,OCI-R,OCIR_Q8,Checking,"I check doors, windows, or appliances repeatedly.",Moderately,2,"0 = Not at all, 1 = A little, 2 = Moderately, 3 = A lot, 4 = Extremely (Checking Subscale Score)"
OCD,OCI-R,OCIR_Q8,Checking,"I check doors, windows, or appliances repeatedly.",A lot,3,"0 = Not at all, 1 = A little, 2 = Moderately, 3 = A lot, 4 = Extremely (Checking Subscale Score)"
OCD,OCI-R,OCIR_Q8,Checking,"I check doors, windows, or appliances repeatedly.",Extremely,4,"0 = Not at all, 1 = A little, 2 = Moderately, 3 = A lot, 4 = Extremely (Checking Subscale Score)"
OCD,OCI-R,OCIR_Q9,Obsessing,I am bothered by bad thoughts that come into my mind against my will.,Not at all,0,"0 = Not at all, 1 = A little, 2 = Moderately, 3 = A lot, 4 = Extremely (Obsessing Subscale Score)"
OCD,OCI-R,OCIR_Q9,Obsessing,I am bothered by bad thoughts that come into my mind against my will.,A little,1,"0 = Not at all, 1 = A little, 2 = Moderately, 3 = A lot, 4 = Extremely (Obsessing Subscale Score)"
OCD,OCI-R,OCIR_Q9,Obsessing,I am bothered by bad thoughts that come into my mind against my will.,Moderately,2,"0 = Not at all, 1 = A little, 2 = Moderately, 3 = A lot, 4 = Extremely (Obsessing Subscale Score)"
OCD,OCI-R,OCIR_Q9,Obsessing,I am bothered by bad thoughts that come into my mind against my will.,A lot,3,"0 = Not at all, 1 = A little, 2 = Moderately, 3 = A lot, 4 = Extremely (Obsessing Subscale Score)"
OCD,OCI-R,OCIR_Q9,Obsessing,I am bothered by bad thoughts that come into my mind against my will.,Extremely,4,"0 = Not at all, 1 = A little, 2 = Moderately, 3 = A lot, 4 = Extremely (Obsessing Subscale Score)"
OCD,OCI-R,OCIR_Q10,Ordering,I feel upset if others change the way I have arranged my things.,Not at all,0,"0 = Not at all, 1 = A little, 2 = Moderately, 3 = A lot, 4 = Extremely (Ordering Subscale Score)"
OCD,OCI-R,OCIR_Q10,Ordering,I feel upset if others change the way I have arranged my things.,A little,1,"0 = Not at all, 1 = A little, 2 = Moderately, 3 = A lot, 4 = Extremely (Ordering Subscale Score)"
OCD,OCI-R,OCIR_Q10,Ordering,I feel upset if others change the way I have arranged my things.,Moderately,2,"0 = Not at all, 1 = A little, 2 = Moderately, 3 = A lot, 4 = Extremely (Ordering Subscale Score)"
OCD,OCI-R,OCIR_Q10,Ordering,I feel upset if others change the way I have arranged my things.,A lot,3,"0 = Not at all, 1 = A little, 2 = Moderately, 3 = A lot, 4 = Extremely (Ordering Subscale Score)"
OCD,OCI-R,OCIR_Q10,Ordering,I feel upset if others change the way I have arranged my things.,Extremely,4,"0 = Not at all, 1 = A little, 2 = Moderately, 3 = A lot, 4 = Extremely (Ordering Subscale Score)"
OCD,OCI-R,OCIR_Q11,Washing,I wash or clean excessively because I feel contaminated.,Not at all,0,"0 = Not at all, 1 = A little, 2 = Moderately, 3 = A lot, 4 = Extremely (Washing Subscale Score)"
OCD,OCI-R,OCIR_Q11,Washing,I wash or clean excessively because I feel contaminated.,A little,1,"0 = Not at all, 1 = A little, 2 = Moderately, 3 = A lot, 4 = Extremely (Washing Subscale Score)"
OCD,OCI-R,OCIR_Q11,Washing,I wash or clean excessively because I feel contaminated.,Moderately,2,"0 = Not at all, 1 = A little, 2 = Moderately, 3 = A lot, 4 = Extremely (Washing Subscale Score)"
OCD,OCI-R,OCIR_Q11,Washing,I wash or clean excessively because I feel contaminated.,A lot,3,"0 = Not at all, 1 = A little, 2 = Moderately, 3 = A lot, 4 = Extremely (Washing Subscale Score)"
OCD,OCI-R,OCIR_Q11,Washing,I wash or clean excessively because I feel contaminated.,Extremely,4,"0 = Not at all, 1 = A little, 2 = Moderately, 3 = A lot, 4 = Extremely (Washing Subscale Score)"
OCD,OCI-R,OCIR_Q12,Checking,I check gas/water taps or light switches repeatedly after turning them off.,Not at all,0,"0 = Not at all, 1 = A little, 2 = Moderately, 3 = A lot, 4 = Extremely (Checking Subscale Score)"
OCD,OCI-R,OCIR_Q12,Checking,I check gas/water taps or light switches repeatedly after turning them off.,A little,1,"0 = Not at all, 1 = A little, 2 = Moderately, 3 = A lot, 4 = Extremely (Checking Subscale Score)"
OCD,OCI-R,OCIR_Q12,Checking,I check gas/water taps or light switches repeatedly after turning them off.,Moderately,2,"0 = Not at all, 1 = A little, 2 = Moderately, 3 = A lot, 4 = Extremely (Checking Subscale Score)"
OCD,OCI-R,OCIR_Q12,Checking,I check gas/water taps or light switches repeatedly after turning them off.,A lot,3,"0 = Not at all, 1 = A little, 2 = Moderately, 3 = A lot, 4 = Extremely (Checking Subscale Score)"
OCD,OCI-R,OCIR_Q12,Checking,I check gas/water taps or light switches repeatedly after turning them off.,Extremely,4,"0 = Not at all, 1 = A little, 2 = Moderately, 3 = A lot, 4 = Extremely (Checking Subscale Score)"
OCD,OCI-R,OCIR_Q13,Mental Compulsions,I feel compelled to count while doing routine activities.,Not at all,0,"0 = Not at all, 1 = A little, 2 = Moderately, 3 = A lot, 4 = Extremely (Mental Compulsions Subscale Score)"
OCD,OCI-R,OCIR_Q13,Mental Compulsions,I feel compelled to count while doing routine activities.,A little,1,"0 = Not at all, 1 = A little, 2 = Moderately, 3 = A lot, 4 = Extremely (Mental Compulsions Subscale Score)"
OCD,OCI-R,OCIR_Q13,Mental Compulsions,I feel compelled to count while doing routine activities.,Moderately,2,"0 = Not at all, 1 = A little, 2 = Moderately, 3 = A lot, 4 = Extremely (Mental Compulsions Subscale Score)"
OCD,OCI-R,OCIR_Q13,Mental Compulsions,I feel compelled to count while doing routine activities.,A lot,3,"0 = Not at all, 1 = A little, 2 = Moderately, 3 = A lot, 4 = Extremely (Mental Compulsions Subscale Score)"
OCD,OCI-R,OCIR_Q13,Mental Compulsions,I feel compelled to count while doing routine activities.,Extremely,4,"0 = Not at all, 1 = A little, 2 = Moderately, 3 = A lot, 4 = Extremely (Mental Compulsions Subscale Score)"
OCD,OCI-R,OCIR_Q14,Hoarding,I keep collecting things I don't need.,Not at all,0,"0 = Not at all, 1 = A little, 2 = Moderately, 3 = A lot, 4 = Extremely (Hoarding Subscale Score)"
OCD,OCI-R,OCIR_Q14,Hoarding,I keep collecting things I don't need.,A little,1,"0 = Not at all, 1 = A little, 2 = Moderately, 3 = A lot, 4 = Extremely (Hoarding Subscale Score)"
OCD,OCI-R,OCIR_Q14,Hoarding,I keep collecting things I don't need.,Moderately,2,"0 = Not at all, 1 = A little, 2 = Moderately, 3 = A lot, 4 = Extremely (Hoarding Subscale Score)"
OCD,OCI-R,OCIR_Q14,Hoarding,I keep collecting things I don't need.,A lot,3,"0 = Not at all, 1 = A little, 2 = Moderately, 3 = A lot, 4 = Extremely (Hoarding Subscale Score)"
OCD,OCI-R,OCIR_Q14,Hoarding,I keep collecting things I don't need.,Extremely,4,"0 = Not at all, 1 = A little, 2 = Moderately, 3 = A lot, 4 = Extremely (Hoarding Subscale Score)"
OCD,OCI-R,OCIR_Q15,Ordering,I get upset if things are not done in a particular order.,Not at all,0,"0 = Not at all, 1 = A little, 2 = Moderately, 3 = A lot, 4 = Extremely (Ordering Subscale Score)"
OCD,OCI-R,OCIR_Q15,Ordering,I get upset if things are not done in a particular order.,A little,1,"0 = Not at all, 1 = A little, 2 = Moderately, 3 = A lot, 4 = Extremely (Ordering Subscale Score)"
OCD,OCI-R,OCIR_Q15,Ordering,I get upset if things are not done in a particular order.,Moderately,2,"0 = Not at all, 1 = A little, 2 = Moderately, 3 = A lot, 4 = Extremely (Ordering Subscale Score)"
OCD,OCI-R,OCIR_Q15,Ordering,I get upset if things are not done in a particular order.,A lot,3,"0 = Not at all, 1 = A little, 2 = Moderately, 3 = A lot, 4 = Extremely (Ordering Subscale Score)"
OCD,OCI-R,OCIR_Q15,Ordering,I get upset if things are not done in a particular order.,Extremely,4,"0 = Not at all, 1 = A little, 2 = Moderately, 3 = A lot, 4 = Extremely (Ordering Subscale Score)"
OCD,OCI-R,OCIR_Q16,Mental Compulsions,I have trouble controlling repetitive mental acts.,Not at all,0,"0 = Not at all, 1 = A little, 2 = Moderately, 3 = A lot, 4 = Extremely (Mental Compulsions Subscale Score)"
OCD,OCI-R,OCIR_Q16,Mental Compulsions,I have trouble controlling repetitive mental acts.,A little,1,"0 = Not at all, 1 = A little, 2 = Moderately, 3 = A lot, 4 = Extremely (Mental Compulsions Subscale Score)"
OCD,OCI-R,OCIR_Q16,Mental Compulsions,I have trouble controlling repetitive mental acts.,Moderately,2,"0 = Not at all, 1 = A little, 2 = Moderately, 3 = A lot, 4 = Extremely (Mental Compulsions Subscale Score)"
OCD,OCI-R,OCIR_Q16,Mental Compulsions,I have trouble controlling repetitive mental acts.,A lot,3,"0 = Not at all, 1 = A little, 2 = Moderately, 3 = A lot, 4 = Extremely (Mental Compulsions Subscale Score)"
OCD,OCI-R,OCIR_Q16,Mental Compulsions,I have trouble controlling repetitive mental acts.,Extremely,4,"0 = Not at all, 1 = A little, 2 = Moderately, 3 = A lot, 4 = Extremely (Mental Compulsions Subscale Score)"
OCD,OCI-R,OCIR_Q17,Neutralizing,I feel forced to repeat certain routine actions until they feel right.,Not at all,0,"0 = Not at all, 1 = A little, 2 = Moderately, 3 = A lot, 4 = Extremely (Neutralizing Subscale Score)"
OCD,OCI-R,OCIR_Q17,Neutralizing,I feel forced to repeat certain routine actions until they feel right.,A little,1,"0 = Not at all, 1 = A little, 2 = Moderately, 3 = A lot, 4 = Extremely (Neutralizing Subscale Score)"
OCD,OCI-R,OCIR_Q17,Neutralizing,I feel forced to repeat certain routine actions until they feel right.,Moderately,2,"0 = Not at all, 1 = A little, 2 = Moderately, 3 = A lot, 4 = Extremely (Neutralizing Subscale Score)"
OCD,OCI-R,OCIR_Q17,Neutralizing,I feel forced to repeat certain routine actions until they feel right.,A lot,3,"0 = Not at all, 1 = A little, 2 = Moderately, 3 = A lot, 4 = Extremely (Neutralizing Subscale Score)"
OCD,OCI-R,OCIR_Q17,Neutralizing,I feel forced to repeat certain routine actions until they feel right.,Extremely,4,"0 = Not at all, 1 = A little, 2 = Moderately, 3 = A lot, 4 = Extremely (Neutralizing Subscale Score)"
OCD,OCI-R,OCIR_Q18,Washing,I worry excessively about contamination from dirt or germs.,Not at all,0,"0 = Not at all, 1 = A little, 2 = Moderately, 3 = A lot, 4 = Extremely (Washing Subscale Score)"
OCD,OCI-R,OCIR_Q18,Washing,I worry excessively about contamination from dirt or germs.,A little,1,"0 = Not at all, 1 = A little, 2 = Moderately, 3 = A lot, 4 = Extremely (Washing Subscale Score)"
OCD,OCI-R,OCIR_Q18,Washing,I worry excessively about contamination from dirt or germs.,Moderately,2,"0 = Not at all, 1 = A little, 2 = Moderately, 3 = A lot, 4 = Extremely (Washing Subscale Score)"
OCD,OCI-R,OCIR_Q18,Washing,I worry excessively about contamination from dirt or germs.,A lot,3,"0 = Not at all, 1 = A little, 2 = Moderately, 3 = A lot, 4 = Extremely (Washing Subscale Score)"
OCD,OCI-R,OCIR_Q18,Washing,I worry excessively about contamination from dirt or germs.,Extremely,4,"0 = Not at all, 1 = A little, 2 = Moderately, 3 = A lot, 4 = Extremely (Washing Subscale Score)"
PTSD,PCL-5,PCL5_Q1,Intrusions,"Repeated, disturbing, and unwanted memories of the stressful experience?",Not at all,0,"0 = Not at all, 1 = A little bit, 2 = Moderately, 3 = Quite a bit, 4 = Extremely (DSM-5 Cluster Criterion: Intrusions)"
PTSD,PCL-5,PCL5_Q1,Intrusions,"Repeated, disturbing, and unwanted memories of the stressful experience?",A little bit,1,"0 = Not at all, 1 = A little bit, 2 = Moderately, 3 = Quite a bit, 4 = Extremely (DSM-5 Cluster Criterion: Intrusions)"
PTSD,PCL-5,PCL5_Q1,Intrusions,"Repeated, disturbing, and unwanted memories of the stressful experience?",Moderately,2,"0 = Not at all, 1 = A little bit, 2 = Moderately, 3 = Quite a bit, 4 = Extremely (DSM-5 Cluster Criterion: Intrusions)"
PTSD,PCL-5,PCL5_Q1,Intrusions,"Repeated, disturbing, and unwanted memories of the stressful experience?",Quite a bit,3,"0 = Not at all, 1 = A little bit, 2 = Moderately, 3 = Quite a bit, 4 = Extremely (DSM-5 Cluster Criterion: Intrusions)"
PTSD,PCL-5,PCL5_Q1,Intrusions,"Repeated, disturbing, and unwanted memories of the stressful experience?",Extremely,4,"0 = Not at all, 1 = A little bit, 2 = Moderately, 3 = Quite a bit, 4 = Extremely (DSM-5 Cluster Criterion: Intrusions)"
PTSD,PCL-5,PCL5_Q2,Intrusions,"Repeated, disturbing dreams of the stressful experience?",Not at all,0,"0 = Not at all, 1 = A little bit, 2 = Moderately, 3 = Quite a bit, 4 = Extremely (DSM-5 Cluster Criterion: Intrusions)"
PTSD,PCL-5,PCL5_Q2,Intrusions,"Repeated, disturbing dreams of the stressful experience?",A little bit,1,"0 = Not at all, 1 = A little bit, 2 = Moderately, 3 = Quite a bit, 4 = Extremely (DSM-5 Cluster Criterion: Intrusions)"
PTSD,PCL-5,PCL5_Q2,Intrusions,"Repeated, disturbing dreams of the stressful experience?",Moderately,2,"0 = Not at all, 1 = A little bit, 2 = Moderately, 3 = Quite a bit, 4 = Extremely (DSM-5 Cluster Criterion: Intrusions)"
PTSD,PCL-5,PCL5_Q2,Intrusions,"Repeated, disturbing dreams of the stressful experience?",Quite a bit,3,"0 = Not at all, 1 = A little bit, 2 = Moderately, 3 = Quite a bit, 4 = Extremely (DSM-5 Cluster Criterion: Intrusions)"
PTSD,PCL-5,PCL5_Q2,Intrusions,"Repeated, disturbing dreams of the stressful experience?",Extremely,4,"0 = Not at all, 1 = A little bit, 2 = Moderately, 3 = Quite a bit, 4 = Extremely (DSM-5 Cluster Criterion: Intrusions)"
PTSD,PCL-5,PCL5_Q3,Intrusions,Suddenly feeling or acting as if the stressful experience were happening again?,Not at all,0,"0 = Not at all, 1 = A little bit, 2 = Moderately, 3 = Quite a bit, 4 = Extremely (DSM-5 Cluster Criterion: Intrusions)"
PTSD,PCL-5,PCL5_Q3,Intrusions,Suddenly feeling or acting as if the stressful experience were happening again?,A little bit,1,"0 = Not at all, 1 = A little bit, 2 = Moderately, 3 = Quite a bit, 4 = Extremely (DSM-5 Cluster Criterion: Intrusions)"
PTSD,PCL-5,PCL5_Q3,Intrusions,Suddenly feeling or acting as if the stressful experience were happening again?,Moderately,2,"0 = Not at all, 1 = A little bit, 2 = Moderately, 3 = Quite a bit, 4 = Extremely (DSM-5 Cluster Criterion: Intrusions)"
PTSD,PCL-5,PCL5_Q3,Intrusions,Suddenly feeling or acting as if the stressful experience were happening again?,Quite a bit,3,"0 = Not at all, 1 = A little bit, 2 = Moderately, 3 = Quite a bit, 4 = Extremely (DSM-5 Cluster Criterion: Intrusions)"
PTSD,PCL-5,PCL5_Q3,Intrusions,Suddenly feeling or acting as if the stressful experience were happening again?,Extremely,4,"0 = Not at all, 1 = A little bit, 2 = Moderately, 3 = Quite a bit, 4 = Extremely (DSM-5 Cluster Criterion: Intrusions)"
PTSD,PCL-5,PCL5_Q4,Intrusions,Feeling very upset when something reminded you of the stressful experience?,Not at all,0,"0 = Not at all, 1 = A little bit, 2 = Moderately, 3 = Quite a bit, 4 = Extremely (DSM-5 Cluster Criterion: Intrusions)"
PTSD,PCL-5,PCL5_Q4,Intrusions,Feeling very upset when something reminded you of the stressful experience?,A little bit,1,"0 = Not at all, 1 = A little bit, 2 = Moderately, 3 = Quite a bit, 4 = Extremely (DSM-5 Cluster Criterion: Intrusions)"
PTSD,PCL-5,PCL5_Q4,Intrusions,Feeling very upset when something reminded you of the stressful experience?,Moderately,2,"0 = Not at all, 1 = A little bit, 2 = Moderately, 3 = Quite a bit, 4 = Extremely (DSM-5 Cluster Criterion: Intrusions)"
PTSD,PCL-5,PCL5_Q4,Intrusions,Feeling very upset when something reminded you of the stressful experience?,Quite a bit,3,"0 = Not at all, 1 = A little bit, 2 = Moderately, 3 = Quite a bit, 4 = Extremely (DSM-5 Cluster Criterion: Intrusions)"
PTSD,PCL-5,PCL5_Q4,Intrusions,Feeling very upset when something reminded you of the stressful experience?,Extremely,4,"0 = Not at all, 1 = A little bit, 2 = Moderately, 3 = Quite a bit, 4 = Extremely (DSM-5 Cluster Criterion: Intrusions)"
PTSD,PCL-5,PCL5_Q5,Intrusions,Having strong physical reactions when something reminded you of the stressful experience?,Not at all,0,"0 = Not at all, 1 = A little bit, 2 = Moderately, 3 = Quite a bit, 4 = Extremely (DSM-5 Cluster Criterion: Intrusions)"
PTSD,PCL-5,PCL5_Q5,Intrusions,Having strong physical reactions when something reminded you of the stressful experience?,A little bit,1,"0 = Not at all, 1 = A little bit, 2 = Moderately, 3 = Quite a bit, 4 = Extremely (DSM-5 Cluster Criterion: Intrusions)"
PTSD,PCL-5,PCL5_Q5,Intrusions,Having strong physical reactions when something reminded you of the stressful experience?,Moderately,2,"0 = Not at all, 1 = A little bit, 2 = Moderately, 3 = Quite a bit, 4 = Extremely (DSM-5 Cluster Criterion: Intrusions)"
PTSD,PCL-5,PCL5_Q5,Intrusions,Having strong physical reactions when something reminded you of the stressful experience?,Quite a bit,3,"0 = Not at all, 1 = A little bit, 2 = Moderately, 3 = Quite a bit, 4 = Extremely (DSM-5 Cluster Criterion: Intrusions)"
PTSD,PCL-5,PCL5_Q5,Intrusions,Having strong physical reactions when something reminded you of the stressful experience?,Extremely,4,"0 = Not at all, 1 = A little bit, 2 = Moderately, 3 = Quite a bit, 4 = Extremely (DSM-5 Cluster Criterion: Intrusions)"
PTSD,PCL-5,PCL5_Q6,Avoidance,"Avoiding memories, thoughts, or feelings related to the stressful experience?",Not at all,0,"0 = Not at all, 1 = A little bit, 2 = Moderately, 3 = Quite a bit, 4 = Extremely (DSM-5 Cluster Criterion: Avoidance)"
PTSD,PCL-5,PCL5_Q6,Avoidance,"Avoiding memories, thoughts, or feelings related to the stressful experience?",A little bit,1,"0 = Not at all, 1 = A little bit, 2 = Moderately, 3 = Quite a bit, 4 = Extremely (DSM-5 Cluster Criterion: Avoidance)"
PTSD,PCL-5,PCL5_Q6,Avoidance,"Avoiding memories, thoughts, or feelings related to the stressful experience?",Moderately,2,"0 = Not at all, 1 = A little bit, 2 = Moderately, 3 = Quite a bit, 4 = Extremely (DSM-5 Cluster Criterion: Avoidance)"
PTSD,PCL-5,PCL5_Q6,Avoidance,"Avoiding memories, thoughts, or feelings related to the stressful experience?",Quite a bit,3,"0 = Not at all, 1 = A little bit, 2 = Moderately, 3 = Quite a bit, 4 = Extremely (DSM-5 Cluster Criterion: Avoidance)"
PTSD,PCL-5,PCL5_Q6,Avoidance,"Avoiding memories, thoughts, or feelings related to the stressful experience?",Extremely,4,"0 = Not at all, 1 = A little bit, 2 = Moderately, 3 = Quite a bit, 4 = Extremely (DSM-5 Cluster Criterion: Avoidance)"
PTSD,PCL-5,PCL5_Q7,Avoidance,Avoiding external reminders of the stressful experience?,Not at all,0,"0 = Not at all, 1 = A little bit, 2 = Moderately, 3 = Quite a bit, 4 = Extremely (DSM-5 Cluster Criterion: Avoidance)"
PTSD,PCL-5,PCL5_Q7,Avoidance,Avoiding external reminders of the stressful experience?,A little bit,1,"0 = Not at all, 1 = A little bit, 2 = Moderately, 3 = Quite a bit, 4 = Extremely (DSM-5 Cluster Criterion: Avoidance)"
PTSD,PCL-5,PCL5_Q7,Avoidance,Avoiding external reminders of the stressful experience?,Moderately,2,"0 = Not at all, 1 = A little bit, 2 = Moderately, 3 = Quite a bit, 4 = Extremely (DSM-5 Cluster Criterion: Avoidance)"
PTSD,PCL-5,PCL5_Q7,Avoidance,Avoiding external reminders of the stressful experience?,Quite a bit,3,"0 = Not at all, 1 = A little bit, 2 = Moderately, 3 = Quite a bit, 4 = Extremely (DSM-5 Cluster Criterion: Avoidance)"
PTSD,PCL-5,PCL5_Q7,Avoidance,Avoiding external reminders of the stressful experience?,Extremely,4,"0 = Not at all, 1 = A little bit, 2 = Moderately, 3 = Quite a bit, 4 = Extremely (DSM-5 Cluster Criterion: Avoidance)"
PTSD,PCL-5,PCL5_Q8,Cognition/Mood,Trouble remembering important parts of the stressful experience?,Not at all,0,"0 = Not at all, 1 = A little bit, 2 = Moderately, 3 = Quite a bit, 4 = Extremely (DSM-5 Cluster Criterion: Cognition/Mood)"
PTSD,PCL-5,PCL5_Q8,Cognition/Mood,Trouble remembering important parts of the stressful experience?,A little bit,1,"0 = Not at all, 1 = A little bit, 2 = Moderately, 3 = Quite a bit, 4 = Extremely (DSM-5 Cluster Criterion: Cognition/Mood)"
PTSD,PCL-5,PCL5_Q8,Cognition/Mood,Trouble remembering important parts of the stressful experience?,Moderately,2,"0 = Not at all, 1 = A little bit, 2 = Moderately, 3 = Quite a bit, 4 = Extremely (DSM-5 Cluster Criterion: Cognition/Mood)"
PTSD,PCL-5,PCL5_Q8,Cognition/Mood,Trouble remembering important parts of the stressful experience?,Quite a bit,3,"0 = Not at all, 1 = A little bit, 2 = Moderately, 3 = Quite a bit, 4 = Extremely (DSM-5 Cluster Criterion: Cognition/Mood)"
PTSD,PCL-5,PCL5_Q8,Cognition/Mood,Trouble remembering important parts of the stressful experience?,Extremely,4,"0 = Not at all, 1 = A little bit, 2 = Moderately, 3 = Quite a bit, 4 = Extremely (DSM-5 Cluster Criterion: Cognition/Mood)"
PTSD,PCL-5,PCL5_Q9,Cognition/Mood,"Having strong negative beliefs about yourself, other people, or the world?",Not at all,0,"0 = Not at all, 1 = A little bit, 2 = Moderately, 3 = Quite a bit, 4 = Extremely (DSM-5 Cluster Criterion: Cognition/Mood)"
PTSD,PCL-5,PCL5_Q9,Cognition/Mood,"Having strong negative beliefs about yourself, other people, or the world?",A little bit,1,"0 = Not at all, 1 = A little bit, 2 = Moderately, 3 = Quite a bit, 4 = Extremely (DSM-5 Cluster Criterion: Cognition/Mood)"
PTSD,PCL-5,PCL5_Q9,Cognition/Mood,"Having strong negative beliefs about yourself, other people, or the world?",Moderately,2,"0 = Not at all, 1 = A little bit, 2 = Moderately, 3 = Quite a bit, 4 = Extremely (DSM-5 Cluster Criterion: Cognition/Mood)"
PTSD,PCL-5,PCL5_Q9,Cognition/Mood,"Having strong negative beliefs about yourself, other people, or the world?",Quite a bit,3,"0 = Not at all, 1 = A little bit, 2 = Moderately, 3 = Quite a bit, 4 = Extremely (DSM-5 Cluster Criterion: Cognition/Mood)"
PTSD,PCL-5,PCL5_Q9,Cognition/Mood,"Having strong negative beliefs about yourself, other people, or the world?",Extremely,4,"0 = Not at all, 1 = A little bit, 2 = Moderately, 3 = Quite a bit, 4 = Extremely (DSM-5 Cluster Criterion: Cognition/Mood)"
PTSD,PCL-5,PCL5_Q10,Cognition/Mood,Blaming yourself or someone else for the stressful experience or what happened after?,Not at all,0,"0 = Not at all, 1 = A little bit, 2 = Moderately, 3 = Quite a bit, 4 = Extremely (DSM-5 Cluster Criterion: Cognition/Mood)"
PTSD,PCL-5,PCL5_Q10,Cognition/Mood,Blaming yourself or someone else for the stressful experience or what happened after?,A little bit,1,"0 = Not at all, 1 = A little bit, 2 = Moderately, 3 = Quite a bit, 4 = Extremely (DSM-5 Cluster Criterion: Cognition/Mood)"
PTSD,PCL-5,PCL5_Q10,Cognition/Mood,Blaming yourself or someone else for the stressful experience or what happened after?,Moderately,2,"0 = Not at all, 1 = A little bit, 2 = Moderately, 3 = Quite a bit, 4 = Extremely (DSM-5 Cluster Criterion: Cognition/Mood)"
PTSD,PCL-5,PCL5_Q10,Cognition/Mood,Blaming yourself or someone else for the stressful experience or what happened after?,Quite a bit,3,"0 = Not at all, 1 = A little bit, 2 = Moderately, 3 = Quite a bit, 4 = Extremely (DSM-5 Cluster Criterion: Cognition/Mood)"
PTSD,PCL-5,PCL5_Q10,Cognition/Mood,Blaming yourself or someone else for the stressful experience or what happened after?,Extremely,4,"0 = Not at all, 1 = A little bit, 2 = Moderately, 3 = Quite a bit, 4 = Extremely (DSM-5 Cluster Criterion: Cognition/Mood)"
PTSD,PCL-5,PCL5_Q11,Cognition/Mood,"Having strong negative feelings such as fear, horror, anger, guilt, or shame?",Not at all,0,"0 = Not at all, 1 = A little bit, 2 = Moderately, 3 = Quite a bit, 4 = Extremely (DSM-5 Cluster Criterion: Cognition/Mood)"
PTSD,PCL-5,PCL5_Q11,Cognition/Mood,"Having strong negative feelings such as fear, horror, anger, guilt, or shame?",A little bit,1,"0 = Not at all, 1 = A little bit, 2 = Moderately, 3 = Quite a bit, 4 = Extremely (DSM-5 Cluster Criterion: Cognition/Mood)"
PTSD,PCL-5,PCL5_Q11,Cognition/Mood,"Having strong negative feelings such as fear, horror, anger, guilt, or shame?",Moderately,2,"0 = Not at all, 1 = A little bit, 2 = Moderately, 3 = Quite a bit, 4 = Extremely (DSM-5 Cluster Criterion: Cognition/Mood)"
PTSD,PCL-5,PCL5_Q11,Cognition/Mood,"Having strong negative feelings such as fear, horror, anger, guilt, or shame?",Quite a bit,3,"0 = Not at all, 1 = A little bit, 2 = Moderately, 3 = Quite a bit, 4 = Extremely (DSM-5 Cluster Criterion: Cognition/Mood)"
PTSD,PCL-5,PCL5_Q11,Cognition/Mood,"Having strong negative feelings such as fear, horror, anger, guilt, or shame?",Extremely,4,"0 = Not at all, 1 = A little bit, 2 = Moderately, 3 = Quite a bit, 4 = Extremely (DSM-5 Cluster Criterion: Cognition/Mood)"
PTSD,PCL-5,PCL5_Q12,Cognition/Mood,Loss of interest in activities that you used to enjoy?,Not at all,0,"0 = Not at all, 1 = A little bit, 2 = Moderately, 3 = Quite a bit, 4 = Extremely (DSM-5 Cluster Criterion: Cognition/Mood)"
PTSD,PCL-5,PCL5_Q12,Cognition/Mood,Loss of interest in activities that you used to enjoy?,A little bit,1,"0 = Not at all, 1 = A little bit, 2 = Moderately, 3 = Quite a bit, 4 = Extremely (DSM-5 Cluster Criterion: Cognition/Mood)"
PTSD,PCL-5,PCL5_Q12,Cognition/Mood,Loss of interest in activities that you used to enjoy?,Moderately,2,"0 = Not at all, 1 = A little bit, 2 = Moderately, 3 = Quite a bit, 4 = Extremely (DSM-5 Cluster Criterion: Cognition/Mood)"
PTSD,PCL-5,PCL5_Q12,Cognition/Mood,Loss of interest in activities that you used to enjoy?,Quite a bit,3,"0 = Not at all, 1 = A little bit, 2 = Moderately, 3 = Quite a bit, 4 = Extremely (DSM-5 Cluster Criterion: Cognition/Mood)"
PTSD,PCL-5,PCL5_Q12,Cognition/Mood,Loss of interest in activities that you used to enjoy?,Extremely,4,"0 = Not at all, 1 = A little bit, 2 = Moderately, 3 = Quite a bit, 4 = Extremely (DSM-5 Cluster Criterion: Cognition/Mood)"
PTSD,PCL-5,PCL5_Q13,Cognition/Mood,Feeling distant or cut off from other people?,Not at all,0,"0 = Not at all, 1 = A little bit, 2 = Moderately, 3 = Quite a bit, 4 = Extremely (DSM-5 Cluster Criterion: Cognition/Mood)"
PTSD,PCL-5,PCL5_Q13,Cognition/Mood,Feeling distant or cut off from other people?,A little bit,1,"0 = Not at all, 1 = A little bit, 2 = Moderately, 3 = Quite a bit, 4 = Extremely (DSM-5 Cluster Criterion: Cognition/Mood)"
PTSD,PCL-5,PCL5_Q13,Cognition/Mood,Feeling distant or cut off from other people?,Moderately,2,"0 = Not at all, 1 = A little bit, 2 = Moderately, 3 = Quite a bit, 4 = Extremely (DSM-5 Cluster Criterion: Cognition/Mood)"
PTSD,PCL-5,PCL5_Q13,Cognition/Mood,Feeling distant or cut off from other people?,Quite a bit,3,"0 = Not at all, 1 = A little bit, 2 = Moderately, 3 = Quite a bit, 4 = Extremely (DSM-5 Cluster Criterion: Cognition/Mood)"
PTSD,PCL-5,PCL5_Q13,Cognition/Mood,Feeling distant or cut off from other people?,Extremely,4,"0 = Not at all, 1 = A little bit, 2 = Moderately, 3 = Quite a bit, 4 = Extremely (DSM-5 Cluster Criterion: Cognition/Mood)"
PTSD,PCL-5,PCL5_Q14,Cognition/Mood,Trouble experiencing positive feelings?,Not at all,0,"0 = Not at all, 1 = A little bit, 2 = Moderately, 3 = Quite a bit, 4 = Extremely (DSM-5 Cluster Criterion: Cognition/Mood)"
PTSD,PCL-5,PCL5_Q14,Cognition/Mood,Trouble experiencing positive feelings?,A little bit,1,"0 = Not at all, 1 = A little bit, 2 = Moderately, 3 = Quite a bit, 4 = Extremely (DSM-5 Cluster Criterion: Cognition/Mood)"
PTSD,PCL-5,PCL5_Q14,Cognition/Mood,Trouble experiencing positive feelings?,Moderately,2,"0 = Not at all, 1 = A little bit, 2 = Moderately, 3 = Quite a bit, 4 = Extremely (DSM-5 Cluster Criterion: Cognition/Mood)"
PTSD,PCL-5,PCL5_Q14,Cognition/Mood,Trouble experiencing positive feelings?,Quite a bit,3,"0 = Not at all, 1 = A little bit, 2 = Moderately, 3 = Quite a bit, 4 = Extremely (DSM-5 Cluster Criterion: Cognition/Mood)"
PTSD,PCL-5,PCL5_Q14,Cognition/Mood,Trouble experiencing positive feelings?,Extremely,4,"0 = Not at all, 1 = A little bit, 2 = Moderately, 3 = Quite a bit, 4 = Extremely (DSM-5 Cluster Criterion: Cognition/Mood)"
PTSD,PCL-5,PCL5_Q15,Arousal/Reactivity,"Irritable behavior, angry outbursts, or acting aggressively?",Not at all,0,"0 = Not at all, 1 = A little bit, 2 = Moderately, 3 = Quite a bit, 4 = Extremely (DSM-5 Cluster Criterion: Arousal/Reactivity)"
PTSD,PCL-5,PCL5_Q15,Arousal/Reactivity,"Irritable behavior, angry outbursts, or acting aggressively?",A little bit,1,"0 = Not at all, 1 = A little bit, 2 = Moderately, 3 = Quite a bit, 4 = Extremely (DSM-5 Cluster Criterion: Arousal/Reactivity)"
PTSD,PCL-5,PCL5_Q15,Arousal/Reactivity,"Irritable behavior, angry outbursts, or acting aggressively?",Moderately,2,"0 = Not at all, 1 = A little bit, 2 = Moderately, 3 = Quite a bit, 4 = Extremely (DSM-5 Cluster Criterion: Arousal/Reactivity)"
PTSD,PCL-5,PCL5_Q15,Arousal/Reactivity,"Irritable behavior, angry outbursts, or acting aggressively?",Quite a bit,3,"0 = Not at all, 1 = A little bit, 2 = Moderately, 3 = Quite a bit, 4 = Extremely (DSM-5 Cluster Criterion: Arousal/Reactivity)"
PTSD,PCL-5,PCL5_Q15,Arousal/Reactivity,"Irritable behavior, angry outbursts, or acting aggressively?",Extremely,4,"0 = Not at all, 1 = A little bit, 2 = Moderately, 3 = Quite a bit, 4 = Extremely (DSM-5 Cluster Criterion: Arousal/Reactivity)"
PTSD,PCL-5,PCL5_Q16,Arousal/Reactivity,Taking too many risks or doing things that could cause you harm?,Not at all,0,"0 = Not at all, 1 = A little bit, 2 = Moderately, 3 = Quite a bit, 4 = Extremely (DSM-5 Cluster Criterion: Arousal/Reactivity)"
PTSD,PCL-5,PCL5_Q16,Arousal/Reactivity,Taking too many risks or doing things that could cause you harm?,A little bit,1,"0 = Not at all, 1 = A little bit, 2 = Moderately, 3 = Quite a bit, 4 = Extremely (DSM-5 Cluster Criterion: Arousal/Reactivity)"
PTSD,PCL-5,PCL5_Q16,Arousal/Reactivity,Taking too many risks or doing things that could cause you harm?,Moderately,2,"0 = Not at all, 1 = A little bit, 2 = Moderately, 3 = Quite a bit, 4 = Extremely (DSM-5 Cluster Criterion: Arousal/Reactivity)"
PTSD,PCL-5,PCL5_Q16,Arousal/Reactivity,Taking too many risks or doing things that could cause you harm?,Quite a bit,3,"0 = Not at all, 1 = A little bit, 2 = Moderately, 3 = Quite a bit, 4 = Extremely (DSM-5 Cluster Criterion: Arousal/Reactivity)"
PTSD,PCL-5,PCL5_Q16,Arousal/Reactivity,Taking too many risks or doing things that could cause you harm?,Extremely,4,"0 = Not at all, 1 = A little bit, 2 = Moderately, 3 = Quite a bit, 4 = Extremely (DSM-5 Cluster Criterion: Arousal/Reactivity)"
PTSD,PCL-5,PCL5_Q17,Arousal/Reactivity,Being 'superalert' or watchful or on guard?,Not at all,0,"0 = Not at all, 1 = A little bit, 2 = Moderately, 3 = Quite a bit, 4 = Extremely (DSM-5 Cluster Criterion: Arousal/Reactivity)"
PTSD,PCL-5,PCL5_Q17,Arousal/Reactivity,Being 'superalert' or watchful or on guard?,A little bit,1,"0 = Not at all, 1 = A little bit, 2 = Moderately, 3 = Quite a bit, 4 = Extremely (DSM-5 Cluster Criterion: Arousal/Reactivity)"
PTSD,PCL-5,PCL5_Q17,Arousal/Reactivity,Being 'superalert' or watchful or on guard?,Moderately,2,"0 = Not at all, 1 = A little bit, 2 = Moderately, 3 = Quite a bit, 4 = Extremely (DSM-5 Cluster Criterion: Arousal/Reactivity)"
PTSD,PCL-5,PCL5_Q17,Arousal/Reactivity,Being 'superalert' or watchful or on guard?,Quite a bit,3,"0 = Not at all, 1 = A little bit, 2 = Moderately, 3 = Quite a bit, 4 = Extremely (DSM-5 Cluster Criterion: Arousal/Reactivity)"
PTSD,PCL-5,PCL5_Q17,Arousal/Reactivity,Being 'superalert' or watchful or on guard?,Extremely,4,"0 = Not at all, 1 = A little bit, 2 = Moderately, 3 = Quite a bit, 4 = Extremely (DSM-5 Cluster Criterion: Arousal/Reactivity)"
PTSD,PCL-5,PCL5_Q18,Arousal/Reactivity,Feeling jumpy or easily startled?,Not at all,0,"0 = Not at all, 1 = A little bit, 2 = Moderately, 3 = Quite a bit, 4 = Extremely (DSM-5 Cluster Criterion: Arousal/Reactivity)"
PTSD,PCL-5,PCL5_Q18,Arousal/Reactivity,Feeling jumpy or easily startled?,A little bit,1,"0 = Not at all, 1 = A little bit, 2 = Moderately, 3 = Quite a bit, 4 = Extremely (DSM-5 Cluster Criterion: Arousal/Reactivity)"
PTSD,PCL-5,PCL5_Q18,Arousal/Reactivity,Feeling jumpy or easily startled?,Moderately,2,"0 = Not at all, 1 = A little bit, 2 = Moderately, 3 = Quite a bit, 4 = Extremely (DSM-5 Cluster Criterion: Arousal/Reactivity)"
PTSD,PCL-5,PCL5_Q18,Arousal/Reactivity,Feeling jumpy or easily startled?,Quite a bit,3,"0 = Not at all, 1 = A little bit, 2 = Moderately, 3 = Quite a bit, 4 = Extremely (DSM-5 Cluster Criterion: Arousal/Reactivity)"
PTSD,PCL-5,PCL5_Q18,Arousal/Reactivity,Feeling jumpy or easily startled?,Extremely,4,"0 = Not at all, 1 = A little bit, 2 = Moderately, 3 = Quite a bit, 4 = Extremely (DSM-5 Cluster Criterion: Arousal/Reactivity)"
PTSD,PCL-5,PCL5_Q19,Arousal/Reactivity,Having difficulty concentrating?,Not at all,0,"0 = Not at all, 1 = A little bit, 2 = Moderately, 3 = Quite a bit, 4 = Extremely (DSM-5 Cluster Criterion: Arousal/Reactivity)"
PTSD,PCL-5,PCL5_Q19,Arousal/Reactivity,Having difficulty concentrating?,A little bit,1,"0 = Not at all, 1 = A little bit, 2 = Moderately, 3 = Quite a bit, 4 = Extremely (DSM-5 Cluster Criterion: Arousal/Reactivity)"
PTSD,PCL-5,PCL5_Q19,Arousal/Reactivity,Having difficulty concentrating?,Moderately,2,"0 = Not at all, 1 = A little bit, 2 = Moderately, 3 = Quite a bit, 4 = Extremely (DSM-5 Cluster Criterion: Arousal/Reactivity)"
PTSD,PCL-5,PCL5_Q19,Arousal/Reactivity,Having difficulty concentrating?,Quite a bit,3,"0 = Not at all, 1 = A little bit, 2 = Moderately, 3 = Quite a bit, 4 = Extremely (DSM-5 Cluster Criterion: Arousal/Reactivity)"
PTSD,PCL-5,PCL5_Q19,Arousal/Reactivity,Having difficulty concentrating?,Extremely,4,"0 = Not at all, 1 = A little bit, 2 = Moderately, 3 = Quite a bit, 4 = Extremely (DSM-5 Cluster Criterion: Arousal/Reactivity)"
PTSD,PCL-5,PCL5_Q20,Arousal/Reactivity,Trouble falling or staying asleep?,Not at all,0,"0 = Not at all, 1 = A little bit, 2 = Moderately, 3 = Quite a bit, 4 = Extremely (DSM-5 Cluster Criterion: Arousal/Reactivity)"
PTSD,PCL-5,PCL5_Q20,Arousal/Reactivity,Trouble falling or staying asleep?,A little bit,1,"0 = Not at all, 1 = A little bit, 2 = Moderately, 3 = Quite a bit, 4 = Extremely (DSM-5 Cluster Criterion: Arousal/Reactivity)"
PTSD,PCL-5,PCL5_Q20,Arousal/Reactivity,Trouble falling or staying asleep?,Moderately,2,"0 = Not at all, 1 = A little bit, 2 = Moderately, 3 = Quite a bit, 4 = Extremely (DSM-5 Cluster Criterion: Arousal/Reactivity)"
PTSD,PCL-5,PCL5_Q20,Arousal/Reactivity,Trouble falling or staying asleep?,Quite a bit,3,"0 = Not at all, 1 = A little bit, 2 = Moderately, 3 = Quite a bit, 4 = Extremely (DSM-5 Cluster Criterion: Arousal/Reactivity)"
PTSD,PCL-5,PCL5_Q20,Arousal/Reactivity,Trouble falling or staying asleep?,Extremely,4,"0 = Not at all, 1 = A little bit, 2 = Moderately, 3 = Quite a bit, 4 = Extremely (DSM-5 Cluster Criterion: Arousal/Reactivity)"
